MinLat,MinLong,MaxLat,MaxLong
36.619446395,-91.686565684,42.022910333,-87.524529378
